{
	"info": {
		"_postman_id": "029c5a1a-d349-4b96-88ae-dcfbf619c51a",
		"name": "Restful_Booker_Collection",
		"schema": "https://schema.getpostman.com/json/collection/v2.1.0/collection.json"
	},
	"item": [
		{
			"name": "Health Check",
			"item": [
				{
					"name": "Ping the API",
					"event": [
						{
							"listen": "test",
							"script": {
								"id": "30d607f7-c915-4311-bd5f-8db21ff83749",
								"exec": [
									"pm.test('Content-Type header is correct', () => pm.response.to.have.header('Content-Type', 'text/plain; charset=utf-8'))"
								],
								"type": "text/javascript"
							}
						},
						{
							"listen": "prerequest",
							"script": {
								"id": "945042dc-1d26-4f1d-8505-61d928416bac",
								"exec": [
									""
								],
								"type": "text/javascript"
							}
						}
					],
					"request": {
						"method": "GET",
						"header": [],
						"body": {
							"mode": "raw",
							"raw": ""
						},
						"url": {
							"raw": "{{baseURL}}/ping",
							"host": [
								"{{baseURL}}"
							],
							"path": [
								"ping"
							]
						}
					},
					"response": []
				}
			],
			"event": [
				{
					"listen": "prerequest",
					"script": {
						"id": "c97e3fac-9e1a-4a2d-89a1-316db4226b72",
						"type": "text/javascript",
						"exec": [
							""
						]
					}
				},
				{
					"listen": "test",
					"script": {
						"id": "ac6e78e9-3fe3-49ee-b369-b4bfb17bbe77",
						"type": "text/javascript",
						"exec": [
							"pm.test(\"Status code is 201\", () => pm.response.to.have.status(201))"
						]
					}
				}
			]
		},
		{
			"name": "Get all Bookings",
			"item": [
				{
					"name": "Get all bookings",
					"event": [
						{
							"listen": "test",
							"script": {
								"id": "2f8189aa-caa7-4356-8a29-a63a8ef56c28",
								"exec": [
									""
								],
								"type": "text/javascript"
							}
						}
					],
					"request": {
						"auth": {
							"type": "noauth"
						},
						"method": "GET",
						"header": [],
						"body": {
							"mode": "raw",
							"raw": ""
						},
						"url": {
							"raw": "{{baseURL}}/booking",
							"host": [
								"{{baseURL}}"
							],
							"path": [
								"booking"
							]
						}
					},
					"response": []
				},
				{
					"name": "Get all bookings with all parameters",
					"event": [
						{
							"listen": "test",
							"script": {
								"id": "e76e7e4c-5f8b-4487-9bf8-58771974105e",
								"exec": [
									""
								],
								"type": "text/javascript"
							}
						}
					],
					"request": {
						"method": "GET",
						"header": [],
						"body": {
							"mode": "raw",
							"raw": ""
						},
						"url": {
							"raw": "{{baseURL}}/booking?firstname=sally&lastname=brown&checkin=2017-11-11&checkout=2017-11-15",
							"host": [
								"{{baseURL}}"
							],
							"path": [
								"booking"
							],
							"query": [
								{
									"key": "firstname",
									"value": "sally"
								},
								{
									"key": "lastname",
									"value": "brown"
								},
								{
									"key": "checkin",
									"value": "2017-11-11"
								},
								{
									"key": "checkout",
									"value": "2017-11-15"
								}
							]
						}
					},
					"response": []
				},
				{
					"name": "Get all bookings with the firstname and last name parameter",
					"event": [
						{
							"listen": "test",
							"script": {
								"id": "aaec2a51-856f-4142-aa7e-10cc58d0049f",
								"exec": [
									""
								],
								"type": "text/javascript"
							}
						}
					],
					"request": {
						"method": "GET",
						"header": [],
						"body": {
							"mode": "raw",
							"raw": ""
						},
						"url": {
							"raw": "{{baseURL}}/booking?firstname=sally&lastname=brown",
							"host": [
								"{{baseURL}}"
							],
							"path": [
								"booking"
							],
							"query": [
								{
									"key": "firstname",
									"value": "sally"
								},
								{
									"key": "lastname",
									"value": "brown"
								}
							]
						}
					},
					"response": []
				},
				{
					"name": "Get all bookings with the firstname  parameter",
					"event": [
						{
							"listen": "test",
							"script": {
								"id": "e9268b31-7153-4d71-afec-55bdd4da3716",
								"exec": [
									""
								],
								"type": "text/javascript"
							}
						}
					],
					"request": {
						"method": "GET",
						"header": [],
						"body": {
							"mode": "raw",
							"raw": ""
						},
						"url": {
							"raw": "{{baseURL}}/booking?firstname=sally",
							"host": [
								"{{baseURL}}"
							],
							"path": [
								"booking"
							],
							"query": [
								{
									"key": "firstname",
									"value": "sally"
								}
							]
						}
					},
					"response": []
				},
				{
					"name": "Get all bookings with the lastname parameter",
					"event": [
						{
							"listen": "test",
							"script": {
								"id": "48384fa9-ab2a-4eba-b42e-b06adfdde2bf",
								"exec": [
									""
								],
								"type": "text/javascript"
							}
						}
					],
					"request": {
						"method": "GET",
						"header": [],
						"body": {
							"mode": "raw",
							"raw": ""
						},
						"url": {
							"raw": "{{baseURL}}/booking?lastname=brown",
							"host": [
								"{{baseURL}}"
							],
							"path": [
								"booking"
							],
							"query": [
								{
									"key": "lastname",
									"value": "brown"
								}
							]
						}
					},
					"response": []
				},
				{
					"name": "Get all bookings with the checkin parameter",
					"event": [
						{
							"listen": "test",
							"script": {
								"id": "1069d975-0227-486f-9706-e75df3bea694",
								"exec": [
									""
								],
								"type": "text/javascript"
							}
						}
					],
					"request": {
						"method": "GET",
						"header": [],
						"body": {
							"mode": "raw",
							"raw": ""
						},
						"url": {
							"raw": "{{baseURL}}/booking?checkin=2017-11-11",
							"host": [
								"{{baseURL}}"
							],
							"path": [
								"booking"
							],
							"query": [
								{
									"key": "checkin",
									"value": "2017-11-11"
								}
							]
						}
					},
					"response": []
				},
				{
					"name": "Get all bookings with the checkout parameter",
					"event": [
						{
							"listen": "test",
							"script": {
								"id": "0087784c-6a83-4004-8d73-c5514a29929c",
								"exec": [
									""
								],
								"type": "text/javascript"
							}
						}
					],
					"request": {
						"method": "GET",
						"header": [],
						"body": {
							"mode": "raw",
							"raw": ""
						},
						"url": {
							"raw": "{{baseURL}}/booking?checkout=2017-11-11",
							"host": [
								"{{baseURL}}"
							],
							"path": [
								"booking"
							],
							"query": [
								{
									"key": "checkout",
									"value": "2017-11-11"
								}
							]
						}
					},
					"response": []
				}
			],
			"event": [
				{
					"listen": "prerequest",
					"script": {
						"id": "0536a016-3094-46ed-98ea-3fb644a21267",
						"type": "text/javascript",
						"exec": [
							""
						]
					}
				},
				{
					"listen": "test",
					"script": {
						"id": "cdf77efe-432f-46e9-9b03-3c93ec84022d",
						"type": "text/javascript",
						"exec": [
							"pm.test(\"Status code is 200\", () => {",
							"    pm.response.to.have.status(200)",
							"})"
						]
					}
				}
			]
		},
		{
			"name": "Get a single booking",
			"item": [
				{
					"name": "Get a single booking",
					"event": [
						{
							"listen": "test",
							"script": {
								"id": "f5d0f0a1-de6f-40b3-bc28-8421d7cfeaf7",
								"exec": [
									"pm.test('Content-Type header is correct', () => {",
									"    pm.response.to.have.header('Content-Type', 'application/json; charset=utf-8')",
									"})",
									""
								],
								"type": "text/javascript"
							}
						}
					],
					"request": {
						"method": "GET",
						"header": [
							{
								"key": "Accept",
								"value": "application/json"
							}
						],
						"body": {
							"mode": "raw",
							"raw": ""
						},
						"url": {
							"raw": "{{baseURL}}/booking/1",
							"host": [
								"{{baseURL}}"
							],
							"path": [
								"booking",
								"1"
							]
						}
					},
					"response": []
				},
				{
					"name": "Get a single booking with XML header set",
					"event": [
						{
							"listen": "test",
							"script": {
								"id": "fd5b8131-a8ac-4247-83f5-6d2602feb747",
								"exec": [
									""
								],
								"type": "text/javascript"
							}
						}
					],
					"request": {
						"method": "GET",
						"header": [
							{
								"key": "Accept",
								"value": "application/xml"
							}
						],
						"body": {
							"mode": "raw",
							"raw": ""
						},
						"url": {
							"raw": "{{baseURL}}/booking/1",
							"host": [
								"{{baseURL}}"
							],
							"path": [
								"booking",
								"1"
							]
						}
					},
					"response": []
				},
				{
					"name": "Get a single booking dynamically",
					"event": [
						{
							"listen": "prerequest",
							"script": {
								"id": "87aa1fc1-66cf-4596-bb6e-ec84494274bd",
								"exec": [
									"pm.environment.set(\"booking_id\", _.random(1,10))"
								],
								"type": "text/javascript"
							}
						},
						{
							"listen": "test",
							"script": {
								"id": "7f1529fa-a58b-4d9b-a8b1-651483fa26e8",
								"exec": [
									""
								],
								"type": "text/javascript"
							}
						}
					],
					"request": {
						"method": "GET",
						"header": [],
						"body": {
							"mode": "raw",
							"raw": ""
						},
						"url": {
							"raw": "{{baseURL}}/booking/{{booking_id}}",
							"host": [
								"{{baseURL}}"
							],
							"path": [
								"booking",
								"{{booking_id}}"
							]
						}
					},
					"response": []
				}
			],
			"event": [
				{
					"listen": "prerequest",
					"script": {
						"id": "bed71d80-d8ce-4cdb-8a88-29bf0e78c8d4",
						"type": "text/javascript",
						"exec": [
							""
						]
					}
				},
				{
					"listen": "test",
					"script": {
						"id": "44406529-93e1-4cb2-9f9f-68d1caa5cc9e",
						"type": "text/javascript",
						"exec": [
							"if(pm.response.to.have.header('Content-Type') === 'application/json; charset=utf-8') {",
							"    pm.test(\"Response data format is correct\", () => {",
							"    var jsonData = pm.response.json()",
							"    pm.expect(jsonData.firstname).to.be.a('string')",
							"    pm.expect(jsonData.lastname).to.be.a('string')",
							"    pm.expect(jsonData.totalprice).to.a('number')",
							"    pm.expect(jsonData.depositpaid).to.be.a('boolean')",
							"    pm.expect(jsonData.bookingdates.checkin).to.be.a('string')",
							"    pm.expect(jsonData.bookingdates.checkin).to.match(/^\\d{4}-\\d{2}-\\d{2}$/)",
							"    pm.expect(jsonData.bookingdates.checkout).to.be.a('string')",
							"    pm.expect(jsonData.bookingdates.checkout).to.match(/^\\d{4}-\\d{2}-\\d{2}$/)",
							"});",
							"",
							"(pm.response.json().additionalneeds === undefined ? pm.test.skip : pm.test)('Customer has additional needs', () => {",
							"        pm.expect(pm.response.json().additionalneeds).to.be.a('string')",
							"});",
							"}",
							"",
							""
						]
					}
				}
			]
		},
		{
			"name": "Create a new booking",
			"item": [
				{
					"name": "Create a new booking with JSON",
					"event": [
						{
							"listen": "prerequest",
							"script": {
								"id": "eeb0b51e-2c47-4271-8399-7fd1cd934d72",
								"exec": [
									""
								],
								"type": "text/javascript"
							}
						},
						{
							"listen": "test",
							"script": {
								"id": "748f8788-42bc-4765-a013-0795b357b67b",
								"exec": [
									""
								],
								"type": "text/javascript"
							}
						}
					],
					"request": {
						"method": "POST",
						"header": [
							{
								"key": "Content-Type",
								"value": "application/json"
							}
						],
						"body": {
							"mode": "raw",
							"raw": "{\r\n  \"firstname\" : \"Sally\",\r\n\t\"lastname\" : \"Brown\",\r\n\t\"totalprice\" : 111,\r\n\t\"depositpaid\" : true,\r\n\t\"additionalneeds\" : \"Breakfast\",\r\n\t\"bookingdates\" : {\r\n\t\t\"checkin\" : \"2013-02-23\",\r\n\t\t\"checkout\" : \"2014-10-23\"\r\n\t}\r\n}"
						},
						"url": {
							"raw": "{{baseURL}}/booking",
							"host": [
								"{{baseURL}}"
							],
							"path": [
								"booking"
							]
						}
					},
					"response": []
				},
				{
					"name": "Create a new booking with XML",
					"event": [
						{
							"listen": "prerequest",
							"script": {
								"id": "eeb0b51e-2c47-4271-8399-7fd1cd934d72",
								"exec": [
									""
								],
								"type": "text/javascript"
							}
						},
						{
							"listen": "test",
							"script": {
								"id": "43617033-fef8-4fae-9cef-6ddbcf0260d6",
								"exec": [
									""
								],
								"type": "text/javascript"
							}
						}
					],
					"request": {
						"method": "POST",
						"header": [
							{
								"key": "Content-Type",
								"value": "text/xml"
							},
							{
								"key": "Accept",
								"value": "application/xml"
							}
						],
						"body": {
							"mode": "raw",
							"raw": "<booking>\r\n    <firstname>Sally</firstname>\r\n    <lastname>Brown</lastname>\r\n    <totalprice>111</totalprice>\r\n    <depositpaid>true</depositpaid>\r\n    <additionalneeds>Breakfast</additionalneeds>\r\n    <bookingdates>\r\n        <checkin>2013/02/23</checkin>\r\n        <checkout>2014/10/23</checkout>\r\n    </bookingdates>\r\n</booking>"
						},
						"url": {
							"raw": "{{baseURL}}/booking",
							"host": [
								"{{baseURL}}"
							],
							"path": [
								"booking"
							]
						}
					},
					"response": []
				},
				{
					"name": "Dynamically create a new booking with JSON",
					"event": [
						{
							"listen": "prerequest",
							"script": {
								"id": "f4db6ba1-d350-4d89-a62b-97543a0886df",
								"exec": [
									"pm.sendRequest(\"https://randomuser.me/api/\", (err, res) => {",
									"    var firstname = res.json().results[0].name.first",
									"    var lastname  = res.json().results[0].name.last",
									"    pm.environment.set(\"first_name\", JSON.stringify((_.capitalize(firstname))))",
									"    pm.environment.set(\"last_name\", JSON.stringify((_.capitalize(lastname))))",
									"})",
									"",
									"pm.environment.set(\"total_price\", _.random(0, 1000))",
									"",
									"const depositPaid = [true, false]",
									"pm.environment.set(\"depositPaid\", _.shuffle(depositPaid)[0])",
									"",
									"const moment = require('moment')",
									"pm.environment.set(\"check_in\", JSON.stringify(moment().format('YYYY-MM-DD')))",
									"pm.environment.set(\"check_out\", JSON.stringify(moment().add(_.random(1, 14), 'days').format('YYYY-MM-DD')))",
									"",
									"const items = [\"None\", \"Breakfast\", \"Lunch\", \"Dinner\", \"Late Checkout\", \"Newspaper\", \"Extra Pillow\"]",
									"pm.environment.set(\"additional_needs\", JSON.stringify(_.shuffle(items)[0]))"
								],
								"type": "text/javascript"
							}
						},
						{
							"listen": "test",
							"script": {
								"id": "34a00c54-ce1d-4a19-9ff4-59ffc06f5e39",
								"exec": [
									"function cleanup() {",
									"    const clean = ['first_name', 'last_name', 'total_price', 'depositPaid', 'check_in', 'check_out', 'additional_needs']",
									"    for(let i = 0; i < clean.length; ++i){",
									"        pm.environment.unset(clean[i])",
									"    }",
									"}",
									"cleanup()",
									""
								],
								"type": "text/javascript"
							}
						}
					],
					"request": {
						"method": "POST",
						"header": [
							{
								"key": "Content-Type",
								"value": "application/json"
							}
						],
						"body": {
							"mode": "raw",
							"raw": "{\r\n\t\"firstname\" : {{first_name}},\r\n\t\"lastname\" : {{last_name}},\r\n\t\"totalprice\" : {{total_price}},\r\n\t\"depositpaid\" : {{depositPaid}},\r\n\t\"additionalneeds\" : {{additional_needs}},\r\n\t\"bookingdates\" : {\r\n\t\t\"checkin\" : {{check_in}},\r\n\t\t\"checkout\" : {{check_out}}\r\n\t}\r\n}"
						},
						"url": {
							"raw": "{{baseURL}}/booking",
							"host": [
								"{{baseURL}}"
							],
							"path": [
								"booking"
							]
						}
					},
					"response": []
				},
				{
					"name": "Dynamically create a new booking with XML",
					"event": [
						{
							"listen": "prerequest",
							"script": {
								"id": "f4db6ba1-d350-4d89-a62b-97543a0886df",
								"exec": [
									"pm.sendRequest(\"https://randomuser.me/api/\", (err, res) => {",
									"    var firstname = res.json().results[0].name.first",
									"    var lastname  = res.json().results[0].name.last",
									"    pm.environment.set(\"first_name\", JSON.stringify((_.capitalize(firstname))))",
									"    pm.environment.set(\"last_name\", JSON.stringify((_.capitalize(lastname))))",
									"})",
									"",
									"pm.environment.set(\"total_price\", _.random(0, 1000))",
									"",
									"const depositPaid = [true, false]",
									"pm.environment.set(\"depositPaid\", _.shuffle(depositPaid)[0])",
									"",
									"const moment = require('moment')",
									"pm.environment.set(\"check_in\", JSON.stringify(moment().format('YYYY-MM-DD')))",
									"pm.environment.set(\"check_out\", JSON.stringify(moment().add(_.random(1, 14), 'days').format('YYYY-MM-DD')))",
									"",
									"const items = [\"None\", \"Breakfast\", \"Lunch\", \"Dinner\", \"Late Checkout\", \"Newspaper\", \"Extra Pillow\"]",
									"pm.environment.set(\"additional_needs\", JSON.stringify(_.shuffle(items)[0]))"
								],
								"type": "text/javascript"
							}
						},
						{
							"listen": "test",
							"script": {
								"id": "34a00c54-ce1d-4a19-9ff4-59ffc06f5e39",
								"exec": [
									"function cleanup() {",
									"    const clean = ['first_name', 'last_name', 'total_price', 'depositPaid', 'check_in', 'check_out', 'additional_needs']",
									"    for(let i = 0; i < clean.length; ++i){",
									"        pm.environment.unset(clean[i])",
									"    }",
									"}",
									"cleanup()",
									""
								],
								"type": "text/javascript"
							}
						}
					],
					"request": {
						"method": "POST",
						"header": [
							{
								"key": "Content-Type",
								"value": "text/xml"
							},
							{
								"key": "Accept",
								"value": "application/xml"
							}
						],
						"body": {
							"mode": "raw",
							"raw": "<booking>\r\n    <firstname>{{first_name}}</firstname>\r\n    <lastname>{{last_name}}</lastname>\r\n    <totalprice>{{total_price}}</totalprice>\r\n    <depositpaid>{{depositPaid}}</depositpaid>\r\n    <additionalneeds>{{additional_needs}}</additionalneeds>\r\n    <bookingdates>\r\n        <checkin>{{check_in}}</checkin>\r\n        <checkout>{{check_out}}</checkout>\r\n    </bookingdates>\r\n</booking>"
						},
						"url": {
							"raw": "{{baseURL}}/booking",
							"host": [
								"{{baseURL}}"
							],
							"path": [
								"booking"
							]
						}
					},
					"response": []
				}
			],
			"event": [
				{
					"listen": "prerequest",
					"script": {
						"id": "11c17706-3be5-4542-8259-14da4a075c9d",
						"type": "text/javascript",
						"exec": [
							""
						]
					}
				},
				{
					"listen": "test",
					"script": {
						"id": "0889379f-bb83-4911-945a-60722eb65854",
						"type": "text/javascript",
						"exec": [
							"pm.test(\"Status code is 200\", () => {",
							"    pm.response.to.have.status(200)",
							"})"
						]
					}
				}
			]
		}
	],
	"event": [
		{
			"listen": "prerequest",
			"script": {
				"id": "dc3d0ab5-1b11-4abe-b203-7240dc6b3fd7",
				"type": "text/javascript",
				"exec": [
					""
				]
			}
		},
		{
			"listen": "test",
			"script": {
				"id": "3dfdde3a-f257-4fde-8b54-9301f0e4f6c8",
				"type": "text/javascript",
				"exec": [
					""
				]
			}
		}
	]
}